index	source_name	source_link	bigquery_table	type	fields
0	UCSC_GenomeBrowser_Genes and Gene Predictions > UCSC Genes > kgXref	-	gbsc-gcp-project-cba:AnnotationHive_Public.hg19_UCSC_kgXref	Generic	UCSC_ID,   strand,   cdsStart,   cdsEnd,   exonCount,   exonStarts,   exonEnds,   proteinID,   alignID,   mRNA,   spID,   spDisplayID,   geneSymbol,   refseq,   protAcc,   description,   rfamAcc,   tRnaName
1	UCSC_GenomeBrowser_Genes and Gene Predictions > UCSC Genes > kgAlias	-	gbsc-gcp-project-cba:AnnotationHive_Public.hg19_UCSC_kgAlias	Generic	UCSC_ID,Ensembl_ID,alias,strand,cdsStart,cdsEnd,exonCount,exonStarts,exonEnds,proteinID,alignID
2	HapMap | Annovar	? (Annovar link?)	gbsc-gcp-project-cba.AnnotationHive_Public.hg19_hapmap2and3	Variant	ASW, CEU, CHB, CHD, GIH, JPT, LWK, MEX, MKK, TSI, TRI
3	1000 Genomes				
4			gbsc-gcp-project-cba.AnnotationHive_Public.GRCh37_Wellderly_wellderly_all_vcf	Variant	ID,QUAL,FILTER,INFO
5	ExAC | Annovar	./annotate_variation.pl -buildver hg19 -downdb -webfrom annovar exac03 humandb/	gbsc-gcp-project-cba.AnnotationHive.hg19_ExAC_ExAC_r1_sites_vep_vcf	Variant	ID,QUAL,FILTER,INFO
6	gnoMAD		gbsc-gcp-project-cba:AnnotationHive_Public.GRCh37_gnomAD_gnomad_genomes_sites_all_vcf	Variant	ID,QUAL,FILTER,INFO
7	UCSC_GenomeBrowser > Variation > All snps > snp151	-	gbsc-gcp-project-cba:AnnotationHive_Public.hg19_SNP151	Variant	name,score,strand,refNCBI,refUCSC,observed,molType,class,valid,avHet,avHet,avHetSE,func,locType,weight,exceptions,submitterCount,submitters,alleleFreqCount,alleles,alleleNs,alleleFreqs,bitfields
11	ENCODE	http://mitra.stanford.edu/kundaje/akundaje/release/blacklists/	gbsc-gcp-project-cba:AnnotationHive_Public.hg19_ENCODE_blacklist_mergedList		
12	UCSC Genome Browser	UCSC Genome Browser: Repeats > Repeat Masker > rmsk 	gbsc-gcp-project-cba:AnnotationHive_Public.hg19_UCSC_repeatMasker	Generic	milliDel milliIns, genoName, genoStart, genoEnd, genoLeft, strand, repName, repClass, repFamily, repStart, repEnd, repLeft, id
13	UCSC Genome Browser	UCSC Genome Browser: Repeats > Segmental Dups > genomicSuperDups	gbsc-gcp-project-cba:AnnotationHive_Public.hg19_UCSC_genomicSuperDups	Generic	name score, strand, otherChrom, otherStart, otherEnd, otherSize, uid, posBasesHit, testResult, verdict, chits, ccov, alignfile, alignL, indelN, indelS, alignB, matchB, mismatchB, transitionsB, transversionsB, fracMatch, fracMatchIndel, jcK, k2K
14	UCSC Genome Browser	UCSC Genome Browser: Repeats > Microsatellites > microsat	gbsc-gcp-project-cba:AnnotationHive_Public.hg19_UCSC_microsatellite	Generic	name
15	UCSC Genome Browser	UCSC Genome Browser: Repeats > Simple Repeats > simplerepeat	gbsc-gcp-project-cba:AnnotationHive_Public.hg19_UCSC_simpleRepeat	Generic	name, period, copyNum, consensusSize, perMatch, perIndel, score, A, C, G, T, entropy, sequence
16	UCSC Genome Browser	UCSC Genome Browser: Regulation > CpG Islands > cpglslandExt	gbsc-gcp-project-cba:AnnotationHive_Public.hg19_UCSC_cpglslandExt	Generic	length, cpgNum, gcNum, perCpg, perGc, obsExp
17	UCSC Genome Browser | deCode	UCSC Genome Browser > MappingandSequencing > recombRate	gbsc-gcp-project-cba:AnnotationHive_Public.hg19_UCSC_RecombinationRate	Generic	decodeAvg decodeFemale, decodeMale, marshfieldAvg, marshfieldFemale, marshfieldMale, genethonAvg, genethonFemale, genethonMale
18	UCSC Genome Browser | Ensembl	UCSC_GenomeBrowser_Genes and Gene Predictions > UCSC Genes > Ensembl Genes	gbsc-gcp-project-cba.AnnotationHive_Public.hg19_UCSC_ensGene	Generic	name strand, cdsStart, cdsEnd, exonCount, exonStarts, exonEnds, score, name2, cdsStartStat, cdsEndStat, exonFrames
20	UCSC Genome Browser | KnownGene	UCSC_GenomeBrowser_Genes and Gene Predictions > UCSC Genes > knownGene	gbsc-gcp-project-cba:AnnotationHive_Public.hg19_UCSC_knownGene	Generic	name, strand, cdsStart, cdsEnd, exonCount, exonStarts, exonEnds, proteinID, alignID
19	UCSC Genome Browser | NCBI RefSeq	UCSC_GenomeBrowser_Genes and Gene Predictions > NCBI RefSeq > ncbiRefSeqCurated	gbsc-gcp-project-cba:AnnotationHive_Public.hg19_UCSC_ncbiRefSeqCurated	Generic	name, strand, cdsStart, cdsEnd, exonCount, exonStarts, exonEnds, score, name2, cdsStartStat, cdsEndStat, exonFrames
65	UCSC Genome Browser | Gencode	UCSC_GenomeBrowser_Genes and Gene Predictions > Gencode V28lift37 > wgEncodeGencodeBasicV28lift37			
21	UCSC Genome Browser | Gencode	UCSC_GenomeBrowser_Genes and Gene Predictions > Gencode V28lift37 > wgEncodeGencodePseudoGeneV28lift37	gbsc-gcp-project-cba:AnnotationHive_Public.hg19_UCSC_wgEncodeGencodePseudoGeneV28lift37_UCSC_ID	Generic	name, strand, cdsStart, cdsEnd, exonCount, exonStarts, exonEnds, score, name2, cdsStartStat, cdsEndStat, exonFrames
22	UCSC Genome Browser	UCSC_GenomeBrowser_Genes and Gene Predictions > Retroposed Genes > ucscRetroInfo5	gbsc-gcp-project-cba:AnnotationHive_Public.hg19_UCSC_RetroInfo5_UCSC_ID	Generic	name, score, strand, thickStart, thickEnd, reserved, blockCount, blockSizes, chromStarts, retroExonCount, axtScore, type, gChrom, gStart, gEnd, gStrand, parentSpliceCount, geneOverlap, polyA, polyAstart, exonCover, intronCount, bestAliCount, matches, qSize, qEnd, tReps, coverage, label, milliBad, alignGapCount, processedIntrons, conservedSpliceSites, maxOverlap, refSeq, rStart, rEnd, mgc, mStart, mEnd, kgName, kStart, kEnd, overName, overStart, overExonCover, overStrand, posConf, polyAlen
23	UCSC Genome Browser | GTEx	UCSC_GenomeBrowser_Regulation > GTEx combined eQTL > gtexEqtlCluster	gbsc-gcp-project-cba:AnnotationHive_Public.hg19_UCSC_gtexEqtlCluster_20171025	Generic	rsID,Score, target_gene_ID, target_gene, distance_from_TSS, maxEffect, effectType, maxPvalue, experiment_count, expriment_names, experiment_effect_sizes, experiment_pValues, probabilities_high_confidence_causal
24	GTEx portal	https://gtexportal.org/home/datasets	gbsc-gcp-project-cba:AnnotationHive_Public.hg19_GTEx_v7_all_tissues_egenes_significant_variant	Variant	Strand,Gene_ID,Gene_symbol,eQTL_Chr,eQTL_Start,rsID,MAF,tss_distance,qval,Tissue
26	UCSC Genome Browser	UCSC_GenomeBrowser_Neandertal Assemly and Analysis > Cand.Gene Flow > ntOoaHaplo	gbsc-gcp-project-cba:AnnotationHive_Public.hg19_UCSC_NeandertalOoaHaplo	Generic	name,score,strand,thickStart,thickEnd,itemRgb,st,ooaTagFreq,am,dm,an,dn
27	RegulomeDB	All dbSNP141 RegulomeDB	gbsc-gcp-project-cba:AnnotationHive_Public.hg19_RegulomeDB_dbSNP141_category1_concise		
28	Fantom5	https://media-nature-com.stanford.idm.oclc.org/original/nature-assets/nature/journal/v507/n7493/extref/nature13182-s2.xlsx	gbsc-gcp-project-cba:AnnotationHive_Public.hg19_Fantom5_Human_composite_promoters_compact		
29	Fantom5	https://media-nature-com.stanford.idm.oclc.org/original/nature-assets/nature/journal/v507/n7493/extref/nature13182-s2.xlsx	gbsc-gcp-project-cba:AnnotationHive_Public.hg19_Fantom5_Human_Housekeeping_promoters	Generic	Strand,promoter_name,Gene_Symbol,max_expression_TPM,median_expression_TPM,kurtosis,skew,TATA,CpG
30	Fantom5	http://fantom.gsc.riken.jp/5/datafiles/latest/extra/Enhancers/	gbsc-gcp-project-cba:AnnotationHive_Public.hg19_Human_Permissive_Enhancers_Phase_1_and_2_Expression_TPM_Matrix	Generic	Id,CNhs14406,CNhs14407,CNhs14408,CNhs14410,CNhs14411,CNhs14412,CNhs14413,CNhs14414,CNhs14415,CNhs14416,CNhs14417,CNhs14418,CNhs14463,CNhs14464,CNhs14465,CNhs14466,CNhs14467,CNhs14468,CNhs14469,CNhs14470,CNhs14471,CNhs14472,CNhs14473,CNhs14474,CNhs14475,CNhs14476,CNhs14477,CNhs14478,CNhs14479,CNhs14480,CNhs14482,CNhs14483,CNhs14484,CNhs14485,CNhs14486,CNhs14487,CNhs14488,CNhs14489,CNhs14490,CNhs14491,CNhs14492,CNhs14493,CNhs14494,CNhs14495,CNhs14496,CNhs14497,CNhs14498,CNhs14499,CNhs14500,CNhs14501,CNhs14518,CNhs14519,CNhs14520,CNhs14522,CNhs14523,CNhs14524,CNhs14525,CNhs14526,CNhs14527,CNhs14528,CNhs14530,CNhs14531,CNhs14532,CNhs14533,CNhs14534,CNhs14535,CNhs14536,CNhs14537,CNhs14538,CNhs14539,CNhs14540,CNhs14541,CNhs14542,CNhs14543,CNhs11051,CNhs11969,CNhs11054,CNhs12067,CNhs12068,CNhs12069,CNhs12494,CNhs11371,CNhs12017,CNhs12516,CNhs13410,CNhs13413,CNhs13417,CNhs12517,CNhs13411,CNhs13415,CNhs13418,CNhs13336,CNhs13412,CNhs13416,CNhs13419,CNhs11325,CNhs12084,CNhs12119,CNhs11341,CNhs12098,CNhs12125,CNhs10876,CNhs12064,CNhs13339,CNhs13358,CNhs13567,CNhs13340,CNhs13359,CNhs13568,CNhs13341,CNhs13360,CNhs13569,CNhs13343,CNhs13361,CNhs13571,CNhs12741,CNhs13362,CNhs13683,CNhs13344,CNhs13363,CNhs13572,CNhs13345,CNhs13364,CNhs13573,CNhs13346,CNhs13365,CNhs13574,CNhs13347,CNhs13367,CNhs13575,CNhs13348,CNhs13368,CNhs13576,CNhs13349,CNhs13369,CNhs13577,CNhs13350,CNhs13370,CNhs13578,CNhs13351,CNhs13371,CNhs13579,CNhs13352,CNhs13372,CNhs13580,CNhs13353,CNhs13373,CNhs13581,CNhs13354,CNhs13374,CNhs13582,CNhs13355,CNhs13375,CNhs13583,CNhs13682,CNhs13376,CNhs13584,CNhs13356,CNhs13377,CNhs13585,CNhs13357,CNhs13378,CNhs13586,CNhs11321,CNhs12081,CNhs12117,CNhs10864,CNhs11960,CNhs12005,CNhs12331,CNhs12332,CNhs12333,CNhs12546,CNhs12563,CNhs12575,CNhs11327,CNhs12085,CNhs12623,CNhs12054,CNhs12058,CNhs12062,CNhs12642,CNhs10739,CNhs11268,CNhs12552,CNhs12545,CNhs10852,CNhs11954,CNhs11997,CNhs10858,CNhs11897,CNhs11904,CNhs13468,CNhs13484,CNhs13491,CNhs13474,CNhs13489,CNhs13495,CNhs13465,CNhs13475,CNhs13543,CNhs13473,CNhs13488,CNhs13494,CNhs13472,CNhs13487,CNhs13546,CNhs13469,CNhs13532,CNhs13492,CNhs13466,CNhs13476,CNhs13490,CNhs13471,CNhs13485,CNhs13493,CNhs13467,CNhs13483,CNhs13544,CNhs13470,CNhs13533,CNhs13545,CNhs13541,CNhs13208,CNhs13549,CNhs13224,CNhs13216,CNhs13540,CNhs13229,CNhs13207,CNhs13548,CNhs12177,CNhs12179,CNhs12181,CNhs12531,CNhs12175,CNhs12183,CNhs12185,CNhs12188,CNhs12343,CNhs12352,CNhs12354,CNhs13552,CNhs13553,CNhs13227,CNhs12205,CNhs12588,CNhs12553,CNhs10853,CNhs11955,CNhs11998,CNhs13203,CNhs13918,CNhs13919,CNhs13238,CNhs13235,CNhs13513,CNhs13204,CNhs13811,CNhs13812,CNhs13195,CNhs13206,CNhs13538,CNhs13202,CNhs13813,CNhs13814,CNhs13223,CNhs13205,CNhs13512,CNhs13215,CNhs13920,CNhs13921,CNhs13239,CNhs13237,CNhs13539,CNhs12176,CNhs12178,CNhs12180,CNhs12201,CNhs12199,CNhs12182,CNhs12184,CNhs12187,CNhs10854,CNhs11956,CNhs11999,CNhs14419,CNhs14420,CNhs14421,CNhs14422,CNhs14423,CNhs14424,CNhs14425,CNhs14426,CNhs14427,CNhs14428,CNhs14429,CNhs14430,CNhs14431,CNhs14432,CNhs14434,CNhs14435,CNhs14436,CNhs14437,CNhs14438,CNhs14439,CNhs14440,CNhs14441,CNhs14442,CNhs14443,CNhs14444,CNhs14445,CNhs14446,CNhs12341,CNhs12350,CNhs12571,CNhs11923,CNhs11372,CNhs12020,CNhs11373,CNhs12021,CNhs10871,CNhs11966,CNhs12009,CNhs10608,CNhs11336,CNhs12094,CNhs12123,CNhs10855,CNhs11062,CNhs12195,CNhs12000,CNhs10857,CNhs12196,CNhs12200,CNhs10837,CNhs12495,CNhs11375,CNhs12022,CNhs12496,CNhs11977,CNhs12023,CNhs10865,CNhs11901,CNhs11906,CNhs11925,CNhs11376,CNhs12024,CNhs11926,CNhs11978,CNhs10872,CNhs11967,CNhs12010,CNhs12497,CNhs11377,CNhs12026,CNhs12547,CNhs12548,CNhs12549,CNhs11323,CNhs12083,CNhs12622,CNhs11836,CNhs14558,CNhs14559,CNhs10874,CNhs12581,CNhs11968,CNhs12400,CNhs12011,CNhs12498,CNhs11378,CNhs12027,CNhs11909,CNhs12057,CNhs12061,CNhs11319,CNhs12344,CNhs12620,CNhs11339,CNhs12734,CNhs12499,CNhs11379,CNhs12028,CNhs12052,CNhs12055,CNhs12059,CNhs10866,CNhs14135,CNhs11961,CNhs12006,CNhs10848,CNhs11952,CNhs14128,CNhs14129,CNhs14130,CNhs14131,CNhs14132,CNhs14133,CNhs14134,CNhs12500,CNhs11380,CNhs12029,CNhs11322,CNhs12082,CNhs12118,CNhs11348,CNhs12103,CNhs12128,CNhs10867,CNhs11962,CNhs11907,CNhs12493,CNhs11953,CNhs11996,CNhs10878,CNhs11343,CNhs12099,CNhs12920,CNhs12405,CNhs11353,CNhs11354,CNhs12399,CNhs11913,CNhs12403,CNhs11351,CNhs12582,CNhs11914,CNhs12404,CNhs11074,CNhs11911,CNhs12398,CNhs11912,CNhs11352,CNhs14560,CNhs14561,CNhs13445,CNhs11061,CNhs11896,CNhs11903,CNhs14067,CNhs14068,CNhs13964,CNhs13965,CNhs13966,CNhs13968,CNhs13969,CNhs13970,CNhs13971,CNhs12822,CNhs12825,CNhs12908,CNhs12823,CNhs12826,CNhs12909,CNhs12895,CNhs12827,CNhs12910,CNhs12896,CNhs12828,CNhs12911,CNhs12897,CNhs12829,CNhs12951,CNhs12948,CNhs12994,CNhs12830,CNhs12949,CNhs12995,CNhs12898,CNhs12831,CNhs12912,CNhs12899,CNhs12832,CNhs12914,CNhs12900,CNhs12833,CNhs12915,CNhs12901,CNhs12834,CNhs12916,CNhs12902,CNhs12835,CNhs12917,CNhs12903,CNhs12836,CNhs12918,CNhs12904,CNhs12906,CNhs12919,CNhs12905,CNhs12907,CNhs12950,CNhs11917,CNhs12824,CNhs12837,CNhs13694,CNhs13695,CNhs13738,CNhs13653,CNhs13712,CNhs13725,CNhs13654,CNhs13714,CNhs13726,CNhs13655,CNhs13715,CNhs13727,CNhs13656,CNhs13716,CNhs13728,CNhs13657,CNhs13717,CNhs13729,CNhs13658,CNhs13718,CNhs13730,CNhs13659,CNhs13719,CNhs13731,CNhs13660,CNhs13720,CNhs13732,CNhs13661,CNhs13721,CNhs13733,CNhs13662,CNhs13722,CNhs13734,CNhs13710,CNhs13723,CNhs13735,CNhs13711,CNhs13724,CNhs13736,CNhs12501,CNhs11979,CNhs12030,CNhs12339,CNhs12347,CNhs13479,CNhs13500,CNhs13501,CNhs13477,CNhs13496,CNhs13497,CNhs13478,CNhs13498,CNhs13499,CNhs12075,CNhs12092,CNhs12625,CNhs11335,CNhs12093,CNhs12627,CNhs12340,CNhs12349,CNhs12626,CNhs11715,CNhs10875,CNhs12596,CNhs12458,CNhs12684,CNhs12786,CNhs12459,CNhs12686,CNhs12787,CNhs12460,CNhs12687,CNhs12788,CNhs12461,CNhs12688,CNhs12789,CNhs12462,CNhs12689,CNhs12790,CNhs12463,CNhs12690,CNhs12791,CNhs12464,CNhs12691,CNhs12792,CNhs12737,CNhs12692,CNhs12794,CNhs12465,CNhs12693,CNhs12795,CNhs12466,CNhs12694,CNhs12796,CNhs12467,CNhs12695,CNhs12797,CNhs12468,CNhs12696,CNhs12798,CNhs12469,CNhs12697,CNhs12799,CNhs12470,CNhs12698,CNhs12800,CNhs12471,CNhs12699,CNhs12801,CNhs12472,CNhs12700,CNhs12802,CNhs12473,CNhs12701,CNhs12803,CNhs12474,CNhs12702,CNhs12804,CNhs11064,CNhs11381,CNhs12031,CNhs10879,CNhs11337,CNhs12095,CNhs12921,CNhs11822,CNhs12342,CNhs12568,CNhs12572,CNhs11936,CNhs13157,CNhs13276,CNhs13100,CNhs13158,CNhs13277,CNhs13101,CNhs13159,CNhs13278,CNhs13102,CNhs13160,CNhs13279,CNhs13103,CNhs13161,CNhs13280,CNhs13104,CNhs13162,CNhs13281,CNhs13105,CNhs13163,CNhs13282,CNhs13106,CNhs13164,CNhs13283,CNhs13107,CNhs13165,CNhs13284,CNhs13108,CNhs13166,CNhs13285,CNhs13109,CNhs13168,CNhs13286,CNhs13110,CNhs13169,CNhs13287,CNhs13111,CNhs13170,CNhs13288,CNhs13112,CNhs13171,CNhs13289,CNhs13113,CNhs13172,CNhs13290,CNhs11937,CNhs13173,CNhs13291,CNhs12564,CNhs12475,CNhs12703,CNhs12420,CNhs12476,CNhs12704,CNhs12421,CNhs12477,CNhs12738,CNhs12422,CNhs12478,CNhs12739,CNhs12423,CNhs12479,CNhs12705,CNhs12424,CNhs12480,CNhs12742,CNhs12425,CNhs12482,CNhs12743,CNhs12426,CNhs12483,CNhs12744,CNhs12427,CNhs12484,CNhs12746,CNhs12428,CNhs12485,CNhs12747,CNhs12429,CNhs12486,CNhs12748,CNhs12430,CNhs12487,CNhs12749,CNhs12431,CNhs12488,CNhs12750,CNhs12432,CNhs12489,CNhs12751,CNhs12434,CNhs12490,CNhs12752,CNhs12565,CNhs12491,CNhs12753,CNhs12435,CNhs12652,CNhs12754,CNhs12436,CNhs12653,CNhs12755,CNhs12437,CNhs12654,CNhs12756,CNhs12438,CNhs12655,CNhs12757,CNhs12439,CNhs12656,CNhs12758,CNhs12440,CNhs12657,CNhs12759,CNhs12441,CNhs12658,CNhs12760,CNhs12442,CNhs12659,CNhs12761,CNhs12443,CNhs12660,CNhs12762,CNhs12444,CNhs12662,CNhs12763,CNhs12445,CNhs12663,CNhs12764,CNhs12446,CNhs12664,CNhs12765,CNhs12447,CNhs12665,CNhs12766,CNhs12448,CNhs12666,CNhs12767,CNhs12740,CNhs12667,CNhs12768,CNhs10861,CNhs11899,CNhs12003,CNhs12538,CNhs13550,CNhs13551,CNhs11077,CNhs11382,CNhs12032,CNhs11073,CNhs12566,CNhs12594,CNhs12593,CNhs12592,CNhs13925,CNhs13927,CNhs13924,CNhs13926,CNhs12591,CNhs12346,CNhs12570,CNhs11303,CNhs11383,CNhs12033,CNhs12816,CNhs13156,CNhs13406,CNhs11320,CNhs12080,CNhs12731,CNhs10846,CNhs11057,CNhs11345,CNhs12101,CNhs12922,CNhs11349,CNhs12104,CNhs11344,CNhs12100,CNhs12126,CNhs11316,CNhs11346,CNhs12730,CNhs11347,CNhs12102,CNhs12127,CNhs10844,CNhs10845,CNhs12492,CNhs10850,CNhs12197,CNhs12012,CNhs11941,CNhs13379,CNhs13174,CNhs13145,CNhs13380,CNhs13175,CNhs13146,CNhs13381,CNhs13176,CNhs13147,CNhs13382,CNhs13177,CNhs13148,CNhs13383,CNhs13178,CNhs13149,CNhs13384,CNhs13179,CNhs13385,CNhs13180,CNhs13386,CNhs13181,CNhs13152,CNhs13387,CNhs13182,CNhs12924,CNhs13388,CNhs13183,CNhs13153,CNhs13389,CNhs13184,CNhs13154,CNhs13391,CNhs13185,CNhs13155,CNhs13392,CNhs13186,CNhs12925,CNhs13393,CNhs13187,CNhs12926,CNhs13394,CNhs13325,CNhs12927,CNhs13395,CNhs13326,CNhs12928,CNhs13396,CNhs13327,CNhs12813,CNhs13397,CNhs13328,CNhs12929,CNhs13398,CNhs13329,CNhs12930,CNhs13399,CNhs13330,CNhs12814,CNhs13400,CNhs13331,CNhs12931,CNhs13401,CNhs13332,CNhs12815,CNhs13402,CNhs13333,CNhs12932,CNhs13403,CNhs13334,CNhs12933,CNhs13404,CNhs13335,CNhs11942,CNhs13405,CNhs13637,CNhs13645,CNhs13649,CNhs13638,CNhs13693,CNhs13648,CNhs13652,CNhs13644,CNhs13554,CNhs13646,CNhs13650,CNhs13639,CNhs13555,CNhs13647,CNhs13651,CNhs13640,CNhs13556,CNhs13559,CNhs13561,CNhs13641,CNhs13557,CNhs13560,CNhs13562,CNhs13643,CNhs11350,CNhs12105,CNhs14586,CNhs14596,CNhs14605,CNhs13847,CNhs14567,CNhs14577,CNhs14587,CNhs14597,CNhs14606,CNhs13848,CNhs14568,CNhs14578,CNhs14588,CNhs14598,CNhs14607,CNhs13849,CNhs14570,CNhs14579,CNhs14589,CNhs14599,CNhs13850,CNhs14571,CNhs14580,CNhs14590,CNhs14600,CNhs14609,CNhs13851,CNhs14572,CNhs14581,CNhs14591,CNhs14601,CNhs14610,CNhs13852,CNhs14573,CNhs14582,CNhs14592,CNhs14602,CNhs14611,CNhs13853,CNhs14574,CNhs14583,CNhs14594,CNhs14603,CNhs14612,CNhs13854,CNhs14575,CNhs14584,CNhs14595,CNhs14604,CNhs14613,CNhs14566,CNhs14576,CNhs14585,CNhs10870,CNhs11965,CNhs11908,CNhs11867,CNhs10859,CNhs11957,CNhs12001,CNhs11063,CNhs11384,CNhs12338,CNhs12726,CNhs13815,CNhs10862,CNhs11959,CNhs11905,CNhs10881,CNhs12019,CNhs12063,CNhs13816,CNhs13817,CNhs13818,CNhs13819,CNhs12586,CNhs11311,CNhs11980,CNhs12035,CNhs11078,CNhs11385,CNhs12036,CNhs10877,CNhs11317,CNhs12079,CNhs12116,CNhs12587,CNhs12590,CNhs10860,CNhs11958,CNhs12002,CNhs11079,CNhs11386,CNhs12037,CNhs14562,CNhs11052,CNhs12584,CNhs11971,CNhs11065,CNhs11902,CNhs12013,CNhs12065,CNhs11081,CNhs11981,CNhs12038,CNhs11082,CNhs11982,CNhs12039,CNhs10882,CNhs11972,CNhs12014,CNhs10883,CNhs11973,CNhs12015,CNhs11331,CNhs12728,CNhs11332,CNhs12088,CNhs12732,CNhs12074,CNhs12086,CNhs12624,CNhs13080,CNhs11333,CNhs12089,CNhs12121,CNhs11330,CNhs12087,CNhs12120,CNhs10842,CNhs11338,CNhs12096,CNhs12733,CNhs10610,CNhs14194,CNhs14195,CNhs14196,CNhs11918,CNhs12859,CNhs12952,CNhs12381,CNhs12860,CNhs12877,CNhs12382,CNhs12861,CNhs12954,CNhs12383,CNhs12862,CNhs12878,CNhs12384,CNhs12863,CNhs12955,CNhs12386,CNhs12864,CNhs12879,CNhs12387,CNhs12866,CNhs12880,CNhs12388,CNhs12867,CNhs12881,CNhs12389,CNhs12868,CNhs12882,CNhs12390,CNhs12869,CNhs12883,CNhs12391,CNhs12870,CNhs12884,CNhs12392,CNhs12871,CNhs12885,CNhs12393,CNhs12872,CNhs12886,CNhs12394,CNhs12873,CNhs12887,CNhs12395,CNhs12874,CNhs12888,CNhs12396,CNhs12953,CNhs12890,CNhs12397,CNhs12875,CNhs12891,CNhs11919,CNhs12876,CNhs12892,CNhs12073,CNhs12345,CNhs12621,CNhs10847,CNhs11951,CNhs11995,CNhs10851,CNhs11974,CNhs11083,CNhs11983,CNhs12040,CNhs12053,CNhs12056,CNhs12060,CNhs10869,CNhs11964,CNhs12008,CNhs11084,CNhs11984,CNhs12041,CNhs13458,CNhs14564,CNhs14565,CNhs14563,CNhs10884,CNhs11975,CNhs12583,CNhs12016,CNhs12401,CNhs12402,CNhs10838,CNhs11085,CNhs11305,CNhs11309,CNhs12893,CNhs11086,CNhs11985,CNhs12043,CNhs10863,CNhs11900,CNhs12004,CNhs11328,CNhs12348,CNhs11087,CNhs11986,CNhs12044,CNhs10868,CNhs11963,CNhs12007,CNhs11088,CNhs11987,CNhs12045,CNhs11324,CNhs12727,CNhs11067,CNhs11988,CNhs12046,CNhs12595,CNhs11920,CNhs11976,CNhs11910,CNhs11089,CNhs11989,CNhs12047,CNhs11090,CNhs11990,CNhs12048,CNhs11329,CNhs12567,CNhs12894,CNhs11091,CNhs11991,CNhs12049,CNhs12597,CNhs12569,CNhs13076,CNhs10839,CNhs11921,CNhs11927,CNhs14183,CNhs14184,CNhs14186,CNhs14187,CNhs14188,CNhs14189,CNhs14190,CNhs14191,CNhs14192,CNhs14193,CNhs11068,CNhs11992,CNhs12050,CNhs11340,CNhs12097,CNhs12124,CNhs11092,CNhs11993,CNhs12051,CNhs10612,CNhs13464,CNhs11334,CNhs12091,CNhs12122,CNhs10843,CNhs11675,CNhs11671,CNhs11948,CNhs11075,CNhs11076,CNhs11672,CNhs11673,CNhs11949,CNhs11892,CNhs11728,CNhs11844,CNhs13435,CNhs11251,CNhs11282,CNhs10746,CNhs11253,CNhs13053,CNhs13241,CNhs13054,CNhs13502,CNhs13052,CNhs11864,CNhs13055,CNhs13503,CNhs13504,CNhs13056,CNhs13057,CNhs13050,CNhs13051,CNhs14556,CNhs10722,CNhs10723,CNhs10724,CNhs13058,CNhs13059,CNhs13060,CNhs13505,CNhs13049,CNhs11888,CNhs11882,CNhs10615,CNhs13972,CNhs13973,CNhs13974,CNhs13975,CNhs11893,CNhs11793,CNhs10738,CNhs11838,CNhs12502,CNhs12503,CNhs12379,CNhs13793,CNhs12311,CNhs14078,CNhs10745,CNhs11881,CNhs11889,CNhs11760,CNhs12842,CNhs11725,CNhs12843,CNhs10742,CNhs10744,CNhs11932,CNhs10750,CNhs11265,CNhs11845,CNhs10616,CNhs11761,CNhs11931,CNhs12845,CNhs11796,CNhs10617,CNhs11797,CNhs11943,CNhs10736,CNhs11792,CNhs11862,CNhs11840,CNhs14138,CNhs11841,CNhs11834,CNhs14244,CNhs11846,CNhs11747,CNhs13802,CNhs12321,CNhs14232,CNhs14071,CNhs13799,CNhs12323,CNhs11795,CNhs14075,CNhs12840,CNhs13437,CNhs11288,CNhs11289,CNhs10618,CNhs11283,CNhs11833,CNhs10740,CNhs11875,CNhs11820,CNhs12504,CNhs12506,CNhs12380,CNhs11714,CNhs11886,CNhs11865,CNhs12334,CNhs12335,CNhs12336,CNhs11250,CNhs10727,CNhs11745,CNhs11930,CNhs11280,CNhs10737,CNhs11794,CNhs10619,CNhs11780,CNhs12518,CNhs12523,CNhs11049,CNhs11050,CNhs11045,CNhs10649,CNhs13439,CNhs11779,CNhs12610,CNhs11741,CNhs11100,CNhs11259,CNhs12846,CNhs11781,CNhs12997,CNhs10648,CNhs11047,CNhs11046,CNhs11731,CNhs11732,CNhs11733,CNhs11814,CNhs11266,CNhs11249,CNhs11748,CNhs10743,CNhs10748,CNhs12847,CNhs11247,CNhs14239,CNhs12325,CNhs12326,CNhs12327,CNhs10620,CNhs10728,CNhs13444,CNhs13442,CNhs13443,CNhs13441,CNhs13440,CNhs11762,CNhs11860,CNhs11842,CNhs10647,CNhs11256,CNhs10733,CNhs12848,CNhs13914,CNhs13915,CNhs11737,CNhs11819,CNhs11286,CNhs14241,CNhs11738,CNhs11274,CNhs10751,CNhs11824,CNhs11248,CNhs11185,CNhs11272,CNhs10731,CNhs13801,CNhs12319,CNhs14549,CNhs14082,CNhs12519,CNhs12524,CNhs12528,CNhs11740,CNhs14217,CNhs14218,CNhs14219,CNhs14214,CNhs14215,CNhs14216,CNhs11843,CNhs12855,CNhs12856,CNhs12857,CNhs11757,CNhs11758,CNhs10621,CNhs10653,CNhs11868,CNhs11742,CNhs12328,CNhs12329,CNhs12330,CNhs11271,CNhs11891,CNhs13795,CNhs12312,CNhs14227,CNhs14081,CNhs14045,CNhs13822,CNhs14049,CNhs14046,CNhs13823,CNhs14050,CNhs14047,CNhs13824,CNhs14051,CNhs13916,CNhs13825,CNhs13917,CNhs13826,CNhs13839,CNhs14052,CNhs13827,CNhs13840,CNhs14053,CNhs13828,CNhs13841,CNhs14054,CNhs13829,CNhs13842,CNhs14055,CNhs13830,CNhs13843,CNhs14056,CNhs13831,CNhs13844,CNhs14057,CNhs13832,CNhs13845,CNhs14058,CNhs13833,CNhs13846,CNhs14059,CNhs13835,CNhs14060,CNhs14063,CNhs13836,CNhs14061,CNhs14064,CNhs13837,CNhs14062,CNhs14065,CNhs13838,CNhs13922,CNhs14066,CNhs13537,CNhs13480,CNhs10646,CNhs11880,CNhs10622,CNhs10652,CNhs11277,CNhs12806,CNhs11825,CNhs11790,CNhs11789,CNhs11848,CNhs11722,CNhs11723,CNhs11724,CNhs12192,CNhs11750,CNhs11859,CNhs11870,CNhs11851,CNhs10624,CNhs11798,CNhs13808,CNhs12322,CNhs14550,CNhs14080,CNhs11275,CNhs10726,CNhs14245,CNhs10625,CNhs11680,CNhs11786,CNhs11788,CNhs11852,CNhs11935,CNhs10730,CNhs12558,CNhs12559,CNhs12560,CNhs12562,CNhs10732,CNhs13796,CNhs12310,CNhs14221,CNhs14069,CNhs13809,CNhs12316,CNhs14229,CNhs14552,CNhs14070,CNhs13800,CNhs12315,CNhs10645,CNhs14079,CNhs12805,CNhs11861,CNhs11281,CNhs11254,CNhs11945,CNhs12838,CNhs12839,CNhs12363,CNhs12364,CNhs12365,CNhs12366,CNhs12367,CNhs13098,CNhs12368,CNhs12369,CNhs12370,CNhs12371,CNhs12372,CNhs13092,CNhs12376,CNhs13094,CNhs12374,CNhs13093,CNhs12378,CNhs13097,CNhs12373,CNhs12375,CNhs12377,CNhs13507,CNhs13096,CNhs11718,CNhs13337,CNhs13420,CNhs13421,CNhs13422,CNhs13423,CNhs13424,CNhs13425,CNhs13426,CNhs13427,CNhs13428,CNhs13429,CNhs13430,CNhs13431,CNhs13432,CNhs13433,CNhs13434,CNhs13598,CNhs13599,CNhs13600,CNhs13601,CNhs13602,CNhs13603,CNhs13604,CNhs13605,CNhs13606,CNhs13607,CNhs13608,CNhs13609,CNhs13610,CNhs13611,CNhs13612,CNhs13613,CNhs13614,CNhs13615,CNhs13616,CNhs13617,CNhs13619,CNhs13620,CNhs13621,CNhs13622,CNhs13623,CNhs13624,CNhs13625,CNhs13626,CNhs13627,CNhs13628,CNhs13629,CNhs13630,CNhs13338,CNhs13631,CNhs13632,CNhs13692,CNhs13633,CNhs13634,CNhs12191,CNhs11263,CNhs11264,CNhs13065,CNhs14376,CNhs13066,CNhs13067,CNhs13068,CNhs13069,CNhs13070,CNhs13072,CNhs13073,CNhs13063,CNhs13062,CNhs13064,CNhs13061,CNhs13074,CNhs13075,CNhs13535,CNhs13536,CNhs13547,CNhs11944,CNhs11752,CNhs11873,CNhs11858,CNhs11934,CNhs11258,CNhs11729,CNhs11821,CNhs12589,CNhs12554,CNhs12574,CNhs11276,CNhs11284,CNhs11818,CNhs11811,CNhs11744,CNhs11753,CNhs11866,CNhs11853,CNhs11854,CNhs12522,CNhs12526,CNhs12530,CNhs10747,CNhs12193,CNhs11894,CNhs11950,CNhs10644,CNhs13798,CNhs12320,CNhs14073,CNhs11787,CNhs11784,CNhs10643,CNhs12611,CNhs13449,CNhs10752,CNhs11287,CNhs11717,CNhs11810,CNhs11835,CNhs11279,CNhs11290,CNhs10626,CNhs11856,CNhs11756,CNhs11832,CNhs11716,CNhs10734,CNhs10642,CNhs14226,CNhs13797,CNhs12317,CNhs10641,CNhs11782,CNhs14074,CNhs12849,CNhs12850,CNhs11830,CNhs11849,CNhs13804,CNhs12228,CNhs14230,CNhs13805,CNhs12229,CNhs14231,CNhs10627,CNhs12807,CNhs11933,CNhs10640,CNhs10638,CNhs12520,CNhs12525,CNhs12529,CNhs11260,CNhs11243,CNhs10628,CNhs12324,CNhs13912,CNhs14225,CNhs14618,CNhs14083,CNhs11255,CNhs11777,CNhs10729,CNhs11257,CNhs10636,CNhs11267,CNhs11877,CNhs11269,CNhs11829,CNhs12810,CNhs12811,CNhs12812,CNhs11677,CNhs11245,CNhs11183,CNhs12851,CNhs11746,CNhs13508,CNhs13099,CNhs11827,CNhs10753,CNhs11270,CNhs13454,CNhs10629,CNhs11776,CNhs11785,CNhs11774,CNhs11885,CNhs11736,CNhs12808,CNhs11285,CNhs12809,CNhs11812,CNhs10630,CNhs11773,CNhs11734,CNhs11755,CNhs11869,CNhs13807,CNhs12227,CNhs14222,CNhs11764,CNhs14077,CNhs11857,CNhs10631,CNhs10651,CNhs10741,CNhs11252,CNhs11749,CNhs11739,CNhs11273,CNhs14238,CNhs14240,CNhs11771,CNhs12852,CNhs13803,CNhs12318,CNhs14224,CNhs14076,CNhs11244,CNhs10637,CNhs11772,CNhs12996,CNhs12639,CNhs12640,CNhs12641,CNhs11878,CNhs11884,CNhs11890,CNhs11876,CNhs12351,CNhs12362,CNhs11726,CNhs10632,CNhs12998,CNhs13794,CNhs12314,CNhs14223,CNhs14551,CNhs14084,CNhs12858,CNhs11770,CNhs14139,CNhs10633,CNhs10650,CNhs14140,CNhs11872,CNhs10634,CNhs11769,CNhs13460,CNhs12853,CNhs11768,CNhs10654,CNhs10635,CNhs11766,CNhs11837,CNhs10735,CNhs11261,CNhs11828,CNhs11883,CNhs11765,CNhs11676,CNhs11763,CNhs12854,CNhs12844,CNhs11813
31	Fantom5	https://github.com/grst/fantom5-sig/tree/master/data  (column_vars.processed.csv)	gbsc-gcp-project-cba:AnnotationHive_Public.hg19_Fantom5_libraryID_names		
32	Vista Enhancer Browser	https://enhancer.lbl.gov/cgi-bin/imagedb3.pl?show=1;page=1;form=search;search.form=no;page_size=20000;search.result=yes;order=hs;action=search	gbsc-gcp-project-cba:AnnotationHive_Public.hg19_VistaEnhancers_human_clean		
34		https://docs.google.com/spreadsheets/d/1yikGx4MsO9Ei36b64yOy9Vb6oPC5IBGlFbYEt-N6gOM/edit#gid=14	gbsc-gcp-project-cba:AnnotationHive_Public.hg19_WGBS_DMRs_Join_ID_Index	Generic	E003_ESC_H1,E004_ESDR_H1_BMP4_MESO,E005_ESDR_H1_BMP4_TROP,E006_ESDR_H1_MSC,E007_ESDR_H1_NEUR_PROG,E008_ESC_H9,E011_ESDR_CD184_ENDO,E012_ESDR_CD56_ECTO,E013_ESDR_CD56_MESO,E016_ESC_HUES64,E017_LNG_IMR90,E021_IPSC_DF_6_9,E022_IPSC_DF_19_11,E024_A21771_ESC_4STAR,E024_A21772_ESC_4STAR,E027_BRST_MYO,E050_RO_01549_BLD_MOB_CD34_PC_F,E053_BRN_CRTX_DR_NRSPHR,E054_BRN_GANGEM_DR_NRSPHR,E058_SKIN_PEN_FRSK_KER_03,E064,E065_VAS_AOR,E066_LIV_ADLT,E070_BRN_GRM_MTRX,E071_149_BRN_HIPP_MID,E071_150_BRN_HIPP_MID,E094_GI_STMC_GAST,E095_STL001_HRT_VENT_L,E095_STL003_HRT_VENT_L,E096_LNG,E097_OVRY,E098_PANC,E100_MUS_PSOAS,E104_HRT_ATR_R,E105_HRT_VNT_R,E106_STL001_GI_CLN_SIG,E106_STL003_GI_CLN_SIG,E109_GI_S_INT,E112_THYM,E113_SPLN
35	UCSC Genome Browser | hg19_UCSC_tfbsConsSites	UCSC_GenomeBrowser > Regulation > TFBS Conserved > tfbsConsSites	gbsc-gcp-project-cba:AnnotationHive_Public.hg19_UCSC_tfbsConserved	Generic	CHR,START,END,NAME,GENE,GENE_ID,SCORE,STRAND,ZSCORE 
36		UCSC Genome Browser > Gene and Gene Predicitons > CrisperTargets	gbsc-gcp-project-cba:AnnotationHive_Public.hg19_UCSC_crisprTargets_concise_Processed	Generic	score,strand,guideSeq,pam,scoreDesc,fusi,crisprScan,doench,oofE
37		UCSC_GenomeBrowser_Genes and Gene Predictions > snoRNA and miRNA	gbsc-gcp-project-cba:AnnotationHive_Public.hg19_UCSC_wgRNA	Generic	name,score,strand,thickStart,thickEnd,type
38		http://www.targetscan.org/cgi-bin/targetscan/data_download.vert72.cgi	gbsc-gcp-project-cba:AnnotationHive_Public.hg19_TargetScan_miRNA_Predicted_Target_Locations__concise	Generic	Strand,Target_miRNA
39	Fantom5	hg19.gene_phase1and2combined_tpm.osc.txt.gz	gbsc-gcp-project-cba:AnnotationHive_Public.hg19_Fantom5_geneExpression_phase1and2combined_tpm_osc_processed	Generic	strand, UCSC_id, gene_symbol, ...
40	Human Protein Atlas	https://www.proteinatlas.org/about/download	gbsc-gcp-project-cba:AnnotationHive_Public.hg19_HumanProteinAtlas_RNA_Cellline_Expression_Join_UCSC_ensGene	Generic	Gene, Gene_name, Sample, Value, Unit
41	Human Protein Atlas	https://www.proteinatlas.org/about/download	gbsc-gcp-project-cba:AnnotationHive_Public.hg19_HumanProteinAtlas_RNA_Tissue_Expression_Join_UCSC_ensGene	Generic	Gene, Gene_name, Sample, Value, Unit
42		http://cisbp.ccbr.utoronto.ca/bulk.php	gbsc-gcp-project-cba:AnnotationHive_Public.hg19_CisBP_TF_Join_UCSC_ensGene	Generic	DBID, TF_Name
43		https://media-nature-com.stanford.idm.oclc.org/original/nature-assets/nature/journal/v507/n7493/extref/nature13182-s2.xlsx	gbsc-gcp-project-cba:AnnotationHive_Public.hg19_Fantom5_PromoterExpressionS7_HumanTFs_2	Generic	Strand,promoter_number,robust_permissive,SYMBOL,HGNC_approved_name,libraries_detected_in_larger_1TPM,libraries_detected_in_larger_10TPM,max,median,max_enrichment,most_highly_expressed_in
44	EpiFactors Database 	Gene expressions table (FANTOM 5 data)	gbsc-gcp-project-cba:AnnotationHive_Public.hg19_EpiFactorDB_gene_expressions_by_tissue	Generic	,HGNC_symbol,Adipocyte_breast_and_donor1_CNhs11051_11376_118A8,Adipocyte_breast_and_donor2_CNhs11969_11327_117E4,Adipocyte_omental_and_donor1_CNhs11054_11473_119C6,Adipocyte_omental_and_donor2_CNhs12067_11474_119C7,Adipocyte_omental_and_donor3_CNhs12068_11475_119C8,Adipocyte_perirenal_and_donor1_CNhs12069_11476_119C9,Adipocyte_subcutaneous_and_donor1_CNhs12494_11259_116F8,Adipocyte_subcutaneous_and_donor2_CNhs11371_11336_117F4,Adipocyte_subcutaneous_and_donor3_CNhs12017_11408_118E4,Alveolar_Epithelial_Cells_and_donor1_CNhs11325_11510_119G7,Alveolar_Epithelial_Cells_and_donor2_CNhs12084_11590_120G6,Amniotic_Epithelial_Cells_and_donor1_CNhs11341_11533_120A3,Amniotic_Epithelial_Cells_and_donor3_CNhs12125_11694_123A2,Anulus_Pulposus_Cell_and_donor1_CNhs10876_11248_116E6,Anulus_Pulposus_Cell_and_donor2_CNhs12064_11463_119B5,Aortic_smooth_muscle_cell_response_to_FGF2_and_00hr00min_and_biol_rep1_LK1_CNhs13339_12642_134G5,Aortic_smooth_muscle_cell_response_to_FGF2_and_00hr00min_and_biol_rep2_LK2_CNhs13358_12740_135I4,Aortic_smooth_muscle_cell_response_to_IL1b_and_00hr00min_and_biol_rep1_LK31_CNhs13349_12652_134H6,Aortic_smooth_muscle_cell_response_to_IL1b_and_00hr00min_and_biol_rep2_LK32_CNhs13369_12750_136A5,Astrocyte_cerebellum_and_donor1_CNhs11321_11500_119F6,Astrocyte_cerebellum_and_donor2_CNhs12081_11580_120F5,Astrocyte_cerebellum_and_donor3_CNhs12117_11661_122F5,Astrocyte_cerebral_cortex_and_donor1_CNhs10864_11235_116D2,Astrocyte_cerebral_cortex_and_donor2_CNhs11960_11316_117D2,Astrocyte_cerebral_cortex_and_donor3_CNhs12005_11392_118C6,B_lymphoblastoid_cell_line_GM12878_ENCODE_and_biol_rep1_CNhs12331_10821_111C2,B_lymphoblastoid_cell_line_GM12878_ENCODE_and_biol_rep2_CNhs12332_10822_111C3,B_lymphoblastoid_cell_line_GM12878_ENCODE_and_biol_rep3_CNhs12333_10823_111C4,Basophils_and_donor1_CNhs12546_12241_129G9,Basophils_and_donor2_CNhs12563_12242_129H1,Basophils_and_donor3_CNhs12575_12243_129H2,Bronchial_Epithelial_Cell_and_donor4_CNhs12054_11453_119A4,Bronchial_Epithelial_Cell_and_donor5_CNhs12058_11457_119A8,Bronchial_Epithelial_Cell_and_donor6_CNhs12062_11461_119B3,Burkitts_lymphoma_cell_line_DAUDI_CNhs10739_10422_106C8,Burkitts_lymphoma_cell_line_RAJI_CNhs11268_10476_106I8,CD133_plus_stem_cells_adult_bone_marrow_derived_and_pool1_CNhs12552_12224_129F1,CD14_plus_Monocytes_and_donor1_CNhs10852_11224_116B9,CD14_plus_Monocytes_and_donor2_CNhs11954_11305_117B9,CD14_plus_Monocytes_and_donor3_CNhs11997_11381_118B4,CD14_plus_monocyte_derived_endothelial_progenitor_cells_and_donor1_CNhs10858_11229_116C5,CD14_plus_monocyte_derived_endothelial_progenitor_cells_and_donor2_CNhs11897_11310_117C5,CD14_plus_monocyte_derived_endothelial_progenitor_cells_and_donor3_CNhs11904_11386_118B9,CD14_plus_monocytes_mock_treated_and_donor1_CNhs13468_11863_125A9,CD14_plus_monocytes_mock_treated_and_donor2_CNhs13484_11873_125C1,CD14_plus_monocytes_mock_treated_and_donor3_CNhs13491_11883_125D2,CD14_plus_monocytes_treated_with_B_glucan_and_donor1_CNhs13474_11869_125B6,CD14_plus_monocytes_treated_with_B_glucan_and_donor2_CNhs13489_11879_125C7,CD14_plus_monocytes_treated_with_B_glucan_and_donor3_CNhs13495_11889_125D8,CD14_plus_monocytes_treated_with_BCG_and_donor1_CNhs13465_11860_125A6,CD14_plus_monocytes_treated_with_BCG_and_donor2_CNhs13475_11870_125B7,CD14_plus_monocytes_treated_with_BCG_and_donor3_CNhs13543_11880_125C8,CD14_plus_monocytes_treated_with_Candida_and_donor1_CNhs13473_11868_125B5,CD14_plus_monocytes_treated_with_Candida_and_donor2_CNhs13488_11878_125C6,CD14_plus_monocytes_treated_with_Candida_and_donor3_CNhs13494_11888_125D7,CD14_plus_monocytes_treated_with_Cryptococcus_and_donor1_CNhs13472_11867_125B4,CD14_plus_monocytes_treated_with_Cryptococcus_and_donor2_CNhs13487_11877_125C5,CD14_plus_monocytes_treated_with_Cryptococcus_and_donor3_CNhs13546_11887_125D6,CD14_plus_monocytes_treated_with_Group_A_streptococci_and_donor1_CNhs13469_11864_125B1,CD14_plus_monocytes_treated_with_Group_A_streptococci_and_donor2_CNhs13532_11874_125C2,CD14_plus_monocytes_treated_with_Group_A_streptococci_and_donor3_CNhs13492_11884_125D3,CD14_plus_monocytes_treated_with_IFN_plus_N_hexane_and_donor1_CNhs13466_11861_125A7,CD14_plus_monocytes_treated_with_IFN_plus_N_hexane_and_donor2_CNhs13476_11871_125B8,CD14_plus_monocytes_treated_with_IFN_plus_N_hexane_and_donor3_CNhs13490_11881_125C9,CD14_plus_monocytes_treated_with_Salmonella_and_donor1_CNhs13471_11866_125B3,CD14_plus_monocytes_treated_with_Salmonella_and_donor2_CNhs13485_11876_125C4,CD14_plus_monocytes_treated_with_Salmonella_and_donor3_CNhs13493_11886_125D5,CD14_plus_monocytes_treated_with_Trehalose_dimycolate_TDM_and_donor1_CNhs13467_11862_125A8,CD14_plusmonocytes_treated_with_Trehalose_dimycolate_TDM_and_donor2_CNhs13483_11872_125B9,CD14_plusmonocytes_treated_with_Trehalose_dimycolate_TDM_and_donor3_CNhs13544_11882_125D1,CD14_plusmonocytes_treated_with_lipopolysaccharide_and_donor1_CNhs13470_11865_125B2,CD14_plusmonocytes_treated_with_lipopolysaccharide_and_donor2_CNhs13533_11875_125C3,CD14_plusmonocytes_treated_with_lipopolysaccharide_and_donor3_CNhs13545_11885_125D4,CD14_plus_CD16_plusMonocytes_and_donor1_CNhs13541_11789_124B7,CD14_plus_CD16_plusMonocytes_and_donor2_CNhs13208_11801_124D1,CD14_plus_CD16_plusMonocytes_and_donor3_CNhs13549_11912_125G4,CD14_plus_CD16_Monocytes_and_donor1_CNhs13224_11788_124B6,CD14_plus_CD16_Monocytes_and_donor2_CNhs13216_11799_124C8,CD14_plus_CD16_Monocytes_and_donor3_CNhs13540_11910_125G2,CD14_CD16_plusMonocytes_and_donor1_CNhs13229_11790_124B8,CD14_CD16_plusMonocytes_and_donor2_CNhs13207_11800_124C9,CD14_CD16_plusMonocytes_and_donor3_CNhs13548_11911_125G3,CD19_plusB_Cells_pluriselect_and_donor090309_and_donation1_CNhs12177_12189_129B2,CD19_plusB_Cells_plurisele ..
45		UCSC_GenomeBrowser > Genes and GenePredictions > pfam in Genes > ucscGenePfam	gbsc-gcp-project-cba:AnnotationHive_Public.hg19_UCSC_genePfam	Generic	Strand,Number_blocks,Comma_separated_list_of_block_sizes,Start_positions_relative_to_chromStart,PFAM_symbole,PFAM_ID,PFAM_name
46	https://www.proteinatlas.org/about/download	normal_tissue.tsv.zip	gbsc-gcp-project-cba:AnnotationHive_Public.hg19_HumanProteinAtlas_normal_tissue_expression_Join_UCSC	Generic	Gene, Gene_name, Tissue, Cell_type, Level, Reliability
47	https://www.proteinatlas.org/about/download	pathology.tsv.zip	gbsc-gcp-project-cba:AnnotationHive_Public.hg19_HumanProteinAtlas_Pathology_Expression_Join_UCSC_ensGene	Generic	Gene, Gene_name, Cancer, High, Medium, Low, Not_detected, prognostic___favourable, unprognostic___favourable, prognostic___unfavourable, unprognostic___unfavourable
48	-	A draft network of ligandâ€“receptor-mediated multicellular signalling in human	hg19_Protein_Localization_Age_ncomms8866	Generic	Chr,Start,End,Strand,UCSC_ID,ApprovedSymbol,HGNCID,UniProtAC,ApprovedName,6class_consensus_SL,Taxon_Wagner,Taxon_Dollo,Taxon_Tautz2013
49	UCSC Genome Browser | BioCysPathway	-	gbsc-gcp-project-cba:AnnotationHive_Public.hg19_UCSC_bioCycPathway_Join_UCSC_knownGene	Generic	kgID, geneID, mapID 
50	UCSC Genome Browser | KeggPathway	UCSC_GenomeBrowser > Genes and Gene Predictions > UCSC Genes > keggPathway	gbsc-gcp-project-cba:AnnotationHive_Public.hg19_UCSC_keggPathway	Generic	strand, kgID, proteinID, mapID, name_KEGG_Pathway
51	Fantom5	Curated and putative ligand-receptor pairs in human.	gbsc-gcp-project-cba:AnnotationHive_Public.hg19_Ligand_Receptor_Expression_processed	Generic	
52	Literature | (2014)  Integrated systems analysis reveals a molecular network underlying autism spectrum disorders	http://msb.embopress.org.stanford.idm.oclc.org/content/10/12/774.long#DC23			
54	Fantom5 | Literature	https://media-nature-com.stanford.idm.oclc.org/original/nature-assets/nature/journal/v507/n7493/extref/nature13182-s2.xlsx	gbsc-gcp-project-cba:AnnotationHive_Public.hg19_Fantom5_PromoterExpressionS10_HumanTFs_Phenotype	Generic	Strand,tf_symbol,sample,Fantom5_sample_ID,enrichment,species,phenotype,relevant_phenotype
55			gbsc-gcp-project-cba:AnnotationHive_Public.GRCh37_ClinVar_variant	Variant	ID, QUAL, FILTER, INFO
56			gbsc-gcp-project-cba:AnnotationHive_Public.hg19_Cosmic70	Variant	ID
57	UCSC ftp	ftp://hgdownload.soe.ucsc.edu/goldenPath/hg19/database/	gbsc-gcp-project-cba:AnnotationHive_Public.hg19_UCSC_GWASCatalog_20181202_processed	Variant	rsID,Trait,ChrBand,Genes,Risk_Allele,Risk_Allele_Freq,pValue,pValue_Description,OddsRatio_or_Beta,Confidence_Interval_95percent,Initial_Sample_Size,Replication_sample_size,Platform,pubMedID,Author,PubData,Journal,Title_Article
58			gbsc-gcp-project-cba:AnnotationHive_Public.hg19_omimGene	Generic	gene_name,info,link
60	Bipolar Disorder(60KB)	http://www.exsnp.org/Download	gbsc-gcp-project-cba:AnnotationHive_Public.hg19_eQTL_Diseases_Join_dbSNP	Variant	Locus, eQTL, exGene, Disease 
61	Eigen	https://www-nature-com.stanford.idm.oclc.org/articles/ng.3477	gbsc-gcp-project-cba:AnnotationHive_Public.hg19_eigen	Variant	Eigen
62	Dann	https://academic.oup.com/bioinformatics/article/31/5/761/2748191	gbsc-gcp-project-cba:AnnotationHive_Public.hg19_dann	Variant	Dann_Score
63	pharmGKB		gbsc-gcp-project-cba:AnnotationHive_Public.hg19_PharmGKB	Variant	ID, QUAL, FILTER, INFO, Annotation_ID, Variant, Gene, Chemical, PMID, Phenotype_Category, Significance, Notes, StudyParameters, Sentence, Alleles, Chromosome
64	DrugBank Canada	https://www.drugbank.ca/releases/latest			